Pincode,isproduct,productids,Country,State,City,Shipping,Payment
641004,yes,99|96|93|90|87,IN,Tamil Nadu,Coimbatore,,prepaid|cod
641006,yes,99|96|93|90|87,IN,Tamil Nadu,Coimbatore,,prepaid|cod
400601,yes,99|96|93|90|87,IN,Maharashtra,Greater Thane,,prepaid|cod
400602,yes,99|96|93|90|87,IN,Maharashtra,Greater Thane,,prepaid|cod
390003,yes,99|96|93|90|87,IN,Gujarat,Vadodara,,prepaid|cod
390007,yes,99|96|93|90|87,IN,Gujarat,Vadodara,,prepaid|cod
121103,yes,99|96|93|90|87,IN,Haryana,Palwal,,prepaid|cod
121107,yes,99|96|93|90|87,IN,Haryana,Hodal,,prepaid|cod
123021,yes,99|96|93|90|87,IN,Haryana,Narnaul,,prepaid|cod
123023,yes,99|96|93|90|87,IN,Haryana,Narnaul,,prepaid|cod
123035,yes,99|96|93|90|87,IN,Haryana,Pataudi,,prepaid|cod
123103,yes,99|96|93|90|87,IN,Haryana,Rewari,,prepaid|cod
123412,yes,99|96|93|90|87,IN,Haryana,Rewari,,prepaid|cod
123501,yes,99|96|93|90|87,IN,Haryana,Rewari,,prepaid|cod
124022,yes,99|96|93|90|87,IN,Haryana,Rohtak,,prepaid|cod
124109,yes,99|96|93|90|87,IN,Haryana,Jhajjar,,prepaid|cod
124411,yes,99|96|93|90|87,IN,Haryana,Rohtak,,prepaid|cod
124412,yes,99|96|93|90|87,IN,Haryana,Rohtak,,prepaid|cod
124501,yes,99|96|93|90|87,IN,Haryana,Bahadurgarh,,prepaid|cod
124504,yes,99|96|93|90|87,IN,Haryana,Jhajjar,,prepaid|cod
124506,yes,99|96|93|90|87,IN,Haryana,Bahadurgarh,,prepaid|cod
125037,yes,99|96|93|90|87,IN,Haryana,Hisar,,prepaid|cod
125038,yes,99|96|93|90|87,IN,Haryana,Jind,,prepaid|cod
125048,yes,99|96|93|90|87,IN,Haryana,Fatehabad,,prepaid|cod
125050,yes,99|96|93|90|87,IN,Haryana,Fatehabad,,prepaid|cod
125051,yes,99|96|93|90|87,IN,Haryana,Fatehabad,,prepaid|cod
125053,yes,99|96|93|90|87,IN,Haryana,Fatehabad,,prepaid|cod
125077,yes,99|96|93|90|87,IN,Haryana,Sirsa,,prepaid|cod
125101,yes,99|96|93|90|87,IN,Haryana,Sirsa,,prepaid|cod
125104,yes,99|96|93|90|87,IN,Haryana,Sirsa,,prepaid|cod